Neighborhood,OverallQual,YearRemodAdd,BsmtExposure,GrLivArea,KitchenQual,FireplaceQu,GarageType,GarageFinish,GarageCars,SalePrice
15,7,5,1,1710,2,1,4,2,2,208500
12,6,31,4,1262,1,3,4,2,2,181500
15,7,6,2,1786,2,3,4,2,2,223500
16,7,36,1,1717,2,4,2,1,3,140000
22,8,8,3,2198,2,3,4,2,3,250000
9,5,14,1,1362,1,1,4,1,2,143000
18,8,2,3,1694,2,4,4,2,2,307000
11,7,36,2,2090,1,3,4,2,2,200000
5,7,58,1,1774,1,3,2,1,2,129900
3,5,58,1,1077,1,3,4,2,1,118000
6,5,43,1,1040,1,1,2,1,1,129500
21,9,0,1,2324,3,4,5,3,3,345000
6,5,46,1,912,1,1,2,1,1,144000
15,7,0,3,1494,2,4,4,2,3,279500
8,6,48,1,1253,1,2,4,2,1,157000
3,7,6,1,854,1,1,2,1,2,132000
8,6,40,1,1004,1,3,4,3,2,149000
6,4,39,0,1296,1,1,1,1,2,90000
10,5,4,1,1114,2,1,2,1,2,159000
8,5,44,1,1339,1,1,4,1,1,139000
21,8,0,3,2376,2,4,5,2,3,325300
1,7,57,1,1108,2,4,4,1,1,139400
15,8,6,1,1795,2,4,4,2,2,230000
0,5,31,1,1060,1,3,4,1,2,129900
6,5,9,2,1060,2,3,4,1,1,154000
21,8,2,1,1600,2,4,4,2,3,256300
8,5,10,2,900,2,1,2,1,2,134800
21,8,2,1,1704,2,4,4,2,3,306000
8,5,9,4,1600,1,4,4,2,1,207500
3,4,58,1,520,0,1,2,1,1,68500
1,4,58,1,1317,1,1,2,1,1,40000
6,5,2,1,1228,2,1,4,1,1,149350
15,8,1,3,1234,2,1,4,2,2,179900
8,5,51,1,1700,2,4,4,2,2,165500
21,9,2,1,1561,3,4,4,3,2,277500
21,8,1,3,2452,2,4,5,3,3,309000
15,5,14,1,1097,1,1,4,1,2,145000
8,5,19,1,1297,1,3,4,3,2,153000
8,5,3,1,1057,2,1,2,1,1,109000
4,4,53,0,1152,0,1,0,0,0,82000
8,6,41,1,1324,1,3,4,2,2,160000
19,5,48,4,1328,1,4,4,2,1,170000
10,5,24,3,884,2,1,4,2,2,144000
15,5,28,3,938,1,1,2,1,1,130250
8,5,47,1,1150,1,1,4,2,1,141000
21,9,5,1,1752,3,4,4,2,2,319900
9,7,6,1,2149,2,5,4,2,2,239686
18,8,1,3,1656,2,1,4,2,3,249700
5,4,1,1,1452,1,1,0,0,0,113000
6,5,41,1,955,1,1,4,1,1,127000
13,6,10,3,1470,1,1,4,3,2,177000
3,6,56,1,1176,1,4,2,1,2,114500
1,5,47,4,816,1,1,1,1,2,110000
12,9,19,4,1842,2,4,4,3,3,385000
8,5,52,1,1360,1,3,2,1,2,130000
8,6,44,1,1425,1,4,4,2,2,180500
18,8,9,1,1739,2,1,4,3,2,172500
15,7,2,1,1720,2,1,4,2,2,196500
20,10,0,4,2945,2,4,5,3,3,438780
15,5,36,3,780,1,1,2,1,1,124900
10,6,2,1,1158,2,1,2,1,2,158000
1,5,11,1,1111,0,1,2,1,1,101000
21,8,1,2,1370,2,4,4,2,2,202500
5,7,60,1,1710,1,1,2,1,2,140000
15,7,11,1,2034,2,1,4,2,2,219500
21,8,2,3,2473,2,4,5,2,3,317000
8,7,21,4,2207,1,4,4,2,2,180000
15,7,4,3,1479,2,1,4,2,2,226000
5,4,60,1,747,1,1,4,1,1,80000
17,7,53,1,2287,1,3,4,3,2,225000
8,7,34,4,2223,1,4,4,3,2,244000
9,4,1,1,845,1,1,2,1,2,129500
13,7,11,1,1718,1,3,4,3,2,185000
8,5,7,1,1086,1,1,4,1,2,144900
5,3,60,1,1605,1,1,2,1,1,107400
0,4,36,4,988,1,1,5,1,1,91000
8,4,52,1,952,1,1,2,1,1,135750
3,5,7,1,1285,1,1,2,1,1,127000
6,4,42,1,1768,1,1,0,0,0,136500
5,5,28,1,1230,1,1,2,1,2,110000
8,6,41,1,2142,2,4,4,3,1,193500
9,6,8,1,1337,1,1,4,3,2,153500
18,8,1,1,1563,2,4,4,2,3,245000
8,5,47,1,1065,1,1,2,1,2,126500
13,7,13,1,1474,1,3,5,3,2,168500
22,8,14,1,2417,2,3,4,1,2,260000
13,6,4,3,1560,2,4,5,3,2,174000
18,6,0,3,1224,2,1,2,2,2,164500
1,3,27,1,1526,0,1,0,0,0,85000
15,4,12,1,990,1,1,0,0,0,123600
8,4,56,0,1040,1,1,2,1,2,109900
8,5,45,1,1235,1,1,4,1,2,98600
16,5,3,1,964,1,1,2,1,2,163500
5,6,9,2,2291,1,4,2,1,2,133900
15,6,10,1,1786,2,1,4,2,2,204750
13,6,16,1,1470,1,3,5,3,2,185000
15,7,7,3,1588,2,1,4,2,2,214000
4,4,42,1,960,1,1,4,3,1,94750
4,5,60,1,835,1,1,3,1,1,83000
8,4,51,1,1225,1,1,0,0,0,128950
11,6,9,2,1610,2,3,4,2,2,205000
10,6,25,1,1732,2,3,4,3,2,178000
10,5,30,0,1535,1,1,4,1,2,118964
15,7,1,1,1226,2,1,4,2,3,198900
1,7,57,1,1818,1,3,2,1,1,169500
18,8,4,1,1992,2,4,4,2,2,250000
5,4,12,1,1047,1,1,2,1,1,100000
5,5,58,1,789,1,1,2,1,1,115000
1,5,2,1,1517,0,1,0,0,0,115000
11,6,33,1,1844,1,3,4,2,2,190000
4,6,34,1,1855,1,1,4,1,1,136900
13,7,10,1,1430,1,3,5,3,2,180000
15,7,0,3,2696,3,4,5,3,3,383970
16,6,54,2,2259,2,4,3,1,2,217000
16,6,5,1,2320,2,3,2,1,1,259500
18,6,8,1,1458,1,2,2,1,2,176000
6,5,47,1,1092,1,0,4,1,1,139000
4,5,0,1,1125,1,1,4,1,2,155000
10,7,20,2,3222,2,3,4,1,3,320000
15,6,0,1,1456,2,4,4,3,2,163990
17,6,37,4,988,1,3,4,1,2,180000
1,4,57,1,1123,1,1,2,1,1,100000
8,6,50,1,1080,1,1,4,1,1,136000
10,6,15,1,1199,2,1,4,2,2,153900
11,6,11,1,1586,1,3,4,1,2,181000
1,6,24,3,754,1,1,0,0,0,84500
12,6,31,1,958,1,3,4,2,2,128000
5,5,57,1,840,1,3,0,0,0,87000
8,6,40,1,1348,1,2,4,2,2,155000
8,5,15,1,1053,3,1,1,2,2,150000
8,7,40,1,2157,2,4,4,3,2,226000
13,6,9,1,2054,2,3,5,2,2,244000
8,5,5,1,1327,2,1,2,1,2,150750
19,8,7,1,1296,2,1,4,3,2,220000
6,5,13,1,1721,1,3,4,2,2,180000
11,7,38,1,1682,1,4,4,1,2,174000
8,5,40,1,1214,1,2,4,2,1,143000
9,7,17,1,1959,1,1,1,1,3,171000
15,8,8,2,1852,2,3,4,3,3,230000
15,6,12,1,1764,2,1,4,2,2,231500
8,4,39,1,864,1,0,0,0,0,115000
15,7,1,3,1734,2,1,4,3,2,260000
8,5,58,1,1385,1,1,2,1,2,166000
15,7,10,4,1501,2,1,4,2,2,204000
6,5,43,1,1728,1,1,2,1,2,125000
4,6,0,1,1709,2,1,2,1,2,130000
3,5,16,1,875,1,1,2,1,1,105000
13,7,9,1,2035,2,4,5,3,2,222500
10,7,3,1,1080,2,1,0,0,0,141000
3,5,56,1,1344,1,1,2,1,1,115000
15,5,32,3,969,1,1,4,1,2,122000
21,8,0,4,1710,2,4,4,2,3,372402
11,6,35,1,1993,1,4,4,2,2,190000
17,6,33,4,1252,1,4,4,2,2,235000
5,6,56,1,1200,1,1,2,1,1,125000
4,6,58,1,1096,1,1,0,0,0,79000
8,5,56,0,1040,1,1,2,1,2,109500
19,8,0,1,1968,3,4,5,3,3,269500
18,7,5,1,1947,2,4,4,2,2,254900
13,7,0,2,2462,2,4,4,2,2,320000
12,6,24,1,1232,1,1,4,1,2,162500
21,9,4,3,2668,3,4,5,3,3,412500
21,7,5,2,1541,2,4,4,2,2,220000
5,4,51,1,882,1,1,0,0,0,103200
5,6,3,2,1616,2,1,2,1,1,152000
4,5,9,1,1355,1,1,0,0,0,127500
17,5,16,1,1867,1,4,4,3,1,190000
21,8,0,1,2161,3,4,4,3,3,325624
13,7,3,1,1720,2,4,4,3,2,183500
19,8,25,1,1707,1,3,4,2,2,228000
5,5,57,1,1382,1,1,2,1,2,128500
8,6,50,4,1656,1,4,4,3,2,215000
20,7,19,1,1767,2,3,4,2,2,239000
8,6,47,1,1362,1,3,4,1,2,163000
19,6,22,1,1651,1,3,4,3,2,184000
4,6,6,3,2158,2,4,4,1,2,243000
17,6,18,1,2060,1,3,4,1,2,211000
6,5,48,1,1920,2,4,4,1,2,172500
20,9,0,1,2234,3,4,4,3,3,501837
5,5,1,1,968,1,1,2,1,2,100000
18,6,7,1,1525,2,3,2,1,2,177000
16,7,56,1,1802,1,4,2,1,1,200100
4,5,1,0,1340,1,4,4,2,1,120000
5,7,5,1,2082,2,1,2,1,2,200000
3,5,15,1,1252,1,1,4,1,2,127000
5,10,13,2,3608,3,3,2,1,3,475000
9,7,18,3,1217,2,1,4,1,2,173000
5,5,22,1,1656,1,1,2,1,1,135000
10,5,30,3,1224,1,3,2,1,2,153337
20,8,6,3,1593,3,4,4,3,2,286000
16,8,13,1,2727,2,3,2,1,2,315000
8,7,3,1,1479,2,1,4,3,2,184000
15,7,10,3,1431,2,1,4,3,2,192000
4,7,2,1,1709,2,1,2,1,2,130000
15,5,36,3,864,1,1,2,1,1,127000
12,6,33,1,1456,1,3,4,1,2,148500
18,7,0,1,1726,3,4,4,3,3,311872
8,8,16,1,3112,2,5,2,1,2,235000
5,6,59,1,2229,1,1,0,0,0,104000
21,8,4,3,1713,3,4,4,3,3,274900
4,4,6,1,1121,1,1,4,2,2,140000
9,6,31,1,1279,1,2,2,1,2,171500
5,6,56,1,1310,1,1,4,1,1,112000
15,6,4,3,848,2,4,4,2,2,149000
5,5,59,1,1284,1,1,2,1,1,110000
13,7,19,1,1442,1,1,4,2,2,180500
6,5,45,1,1696,1,3,4,2,1,143900
8,4,48,1,1100,1,0,4,2,1,141000
10,7,18,4,2062,1,4,4,3,2,277000
8,6,44,1,1092,1,1,4,2,2,145000
4,5,58,1,864,1,1,0,0,0,98000
4,6,1,2,1212,2,1,4,2,2,186000
18,7,0,1,1852,2,3,4,2,2,252678
15,5,11,1,990,1,1,4,1,2,156000
15,6,33,1,1392,1,1,4,3,1,161750
8,5,10,1,1236,2,2,4,1,1,134450
15,7,4,2,1436,2,1,4,1,2,210000
5,4,56,1,1328,1,1,2,1,1,107000
16,7,2,1,1954,2,3,4,1,2,311500
14,7,0,3,1248,2,1,4,3,2,167240
15,7,0,2,1498,2,1,4,2,2,204900
13,6,7,1,2267,2,3,5,2,2,200000
11,6,31,1,1552,1,3,4,2,2,179900
8,4,38,1,864,1,1,2,1,2,97000
21,10,6,4,2392,3,5,4,3,3,386250
2,5,38,1,1302,1,1,2,1,1,112000
22,7,12,1,2520,2,3,4,2,3,290000
2,6,38,1,987,1,1,2,1,1,106000
6,5,43,1,912,1,2,2,1,1,125000
14,7,3,3,1555,2,3,4,3,2,192500
8,6,51,1,1194,1,1,4,2,1,148000
22,8,13,1,2794,3,3,4,3,3,403000
2,6,34,1,987,1,0,4,1,1,94500
15,5,34,3,894,1,1,4,1,1,128200
13,6,8,1,1960,2,3,5,3,2,216500
2,6,37,1,987,1,1,2,1,1,89500
15,7,6,3,1414,2,1,4,2,2,185500
10,7,7,1,1744,2,1,4,2,2,194500
21,8,0,1,1694,2,1,4,3,3,318000
4,6,60,1,1487,1,4,2,1,1,113000
18,8,2,3,1566,2,1,4,2,2,262500
5,5,10,1,866,2,1,0,0,0,110500
5,5,56,1,1440,1,1,4,1,1,79000
10,6,29,1,1217,1,3,4,2,1,120000
10,7,8,1,2110,2,2,4,2,2,205000
11,7,18,3,1872,1,3,4,3,2,241500
5,6,56,1,1928,0,1,2,1,1,137000
8,6,52,1,1375,1,3,4,1,2,140000
15,7,4,1,1668,2,1,4,2,2,180000
17,6,1,4,2144,2,3,4,3,2,277000
3,3,44,1,1306,0,1,0,0,0,76500
16,8,0,4,1625,2,4,4,3,2,235000
10,6,4,1,1640,2,1,4,2,2,173000
8,6,16,4,1302,2,1,4,2,1,158000
8,5,53,1,1314,1,1,4,2,1,145000
13,7,7,1,2291,2,3,5,3,2,230000
18,6,5,1,1728,2,1,4,2,2,207500
15,7,3,1,1604,2,4,4,2,2,220000
15,7,7,1,1792,2,3,4,2,2,231500
5,5,52,0,882,1,1,2,1,1,97000
8,6,47,4,1382,1,3,4,1,2,176000
15,8,0,1,2574,3,4,5,3,3,276000
6,6,11,3,1212,1,3,4,1,2,151000
5,5,9,1,1316,1,1,2,1,2,130000
5,5,4,1,764,1,1,2,1,2,73000
11,6,27,1,1422,2,3,4,3,2,175500
13,6,9,3,1511,1,3,4,3,2,185000
7,5,11,1,2192,2,4,2,1,1,179500
1,5,53,1,778,1,4,2,3,1,120500
4,6,31,1,1113,1,2,4,2,1,148000
18,8,0,2,1939,2,4,4,2,3,266000
17,7,3,4,1363,1,3,4,1,2,241500
22,8,3,1,2270,2,4,4,3,3,290000
8,6,21,1,1632,1,4,4,2,1,139000
9,5,25,4,816,1,1,4,1,1,124500
3,7,2,1,1548,3,1,2,1,2,205000
9,7,7,1,1560,2,1,4,3,2,201000
13,4,59,1,864,1,1,2,1,2,141000
21,9,0,4,2121,3,5,4,3,3,415298
17,7,31,1,2022,1,3,4,3,2,192000
10,7,18,3,1982,2,3,4,3,2,228500
18,6,0,1,1262,2,1,4,3,2,185000
21,7,1,1,1314,2,4,4,2,2,207500
18,8,0,1,1468,2,4,4,3,3,244600
10,6,15,1,1575,2,1,4,2,2,179200
18,7,0,1,1250,2,1,2,2,2,164700
8,6,25,1,1734,2,4,4,2,2,159000
8,4,35,1,858,1,1,0,0,0,88000
6,5,43,1,900,1,1,2,1,1,122000
3,6,4,1,1396,1,1,2,1,1,153575
15,8,0,3,1919,2,4,4,2,2,233230
7,5,8,1,1716,0,1,0,0,0,135900
4,5,1,1,1716,1,4,4,1,1,131000
11,7,12,1,2263,2,3,4,3,2,235000
8,6,56,1,1644,1,4,4,3,2,167000
9,6,22,3,1003,1,1,2,1,2,142500
1,5,57,1,1558,1,1,4,1,1,152000
18,7,9,1,1950,2,3,2,2,2,239000
11,6,39,1,1743,1,4,4,1,2,175000
16,6,5,1,1152,2,4,4,1,1,158500
16,5,53,2,1336,1,4,4,1,1,157000
15,8,8,1,2452,2,3,5,3,2,267000
15,7,4,1,1541,2,3,4,2,3,205000
15,5,34,1,894,1,1,4,1,2,149900
5,7,6,1,3493,2,5,4,1,3,295000
15,8,2,1,2000,2,1,4,3,3,305900
10,7,16,1,2243,2,3,4,2,3,225000
1,6,58,1,1406,0,1,0,0,0,89500
4,4,59,1,861,1,1,2,1,2,82500
21,9,2,4,1944,3,5,4,3,3,360000
13,6,12,1,1501,2,3,4,3,2,165600
8,6,7,1,972,1,4,2,1,1,132000
5,5,56,2,1118,1,4,2,1,2,119900
19,7,44,4,2036,1,4,4,2,2,375000
5,7,16,1,1641,3,4,2,1,2,178000
13,7,4,1,1432,2,4,4,3,2,188500
11,7,29,1,2353,3,3,4,2,2,260000
18,8,1,3,1959,2,4,4,2,3,270000
22,7,16,4,2646,2,3,4,2,3,260000
11,7,29,3,1472,1,3,4,1,2,187500
21,9,0,3,2596,2,1,4,2,3,342643
21,8,3,3,2468,2,4,5,3,3,354000
10,7,20,4,2730,2,3,4,3,2,301000
5,3,1,1,1163,1,1,4,1,1,126175
8,7,3,1,2978,2,4,5,3,2,242000
1,5,57,3,803,1,1,2,1,2,87000
12,8,15,4,1719,2,4,4,3,2,324000
8,6,46,1,1383,1,1,4,2,1,145250
3,6,15,1,2134,2,1,2,1,2,214500
1,5,59,2,1192,1,1,2,1,1,78000
8,5,43,1,1728,1,1,2,1,1,119000
8,5,15,1,1056,1,1,4,2,1,139000
21,8,5,1,1629,2,4,4,2,3,284000
21,7,4,3,1358,2,4,4,2,2,207000
13,6,10,4,1638,1,3,4,3,2,192000
19,5,43,4,1786,1,4,4,3,2,228950
20,9,1,4,1922,2,4,4,3,3,377426
15,7,5,3,1536,2,1,4,2,2,214000
11,7,8,2,1621,2,1,4,2,2,202500
8,6,11,1,1215,1,1,4,1,1,155000
19,8,8,1,1908,2,1,4,3,2,202900
10,4,59,1,841,1,1,1,1,1,82000
8,3,56,0,1040,1,1,2,1,2,87500
21,9,3,1,1684,3,5,4,2,2,266000
0,5,34,1,1112,1,1,4,1,1,85000
3,6,56,1,1577,0,4,2,1,1,140200
8,6,9,2,958,1,1,4,2,1,151500
8,6,49,1,1478,1,4,4,1,2,157500
21,7,4,1,1626,2,1,5,2,2,154000
21,9,0,1,2728,3,5,4,3,3,437154
21,9,0,1,1869,3,4,4,2,2,318061
17,7,20,4,1453,2,3,4,2,2,190000
4,5,58,2,1111,1,1,2,1,1,95000
5,6,7,1,720,1,1,2,1,2,105900
7,6,6,1,1595,1,4,4,1,1,140000
15,6,12,1,1200,2,1,4,2,2,177500
13,6,17,1,1167,2,1,4,2,2,173000
0,5,31,1,1142,1,0,4,3,2,134000
17,5,48,3,1352,2,1,5,1,1,130000
22,8,8,3,1924,2,3,4,2,2,280000
9,6,29,3,912,1,3,4,2,2,156000
3,5,26,1,1505,1,1,2,1,1,145000
4,7,6,0,1922,2,5,5,2,2,198500
2,6,2,1,987,2,1,2,1,1,118000
11,6,30,2,1574,1,3,4,3,2,190000
1,5,12,1,1344,1,1,2,1,1,147000
8,6,46,1,1394,1,4,4,2,2,159000
8,6,46,4,1431,1,4,3,2,1,165000
8,5,56,1,1268,1,4,4,3,1,132000
8,5,4,1,1287,2,4,2,3,2,162000
13,6,6,1,1664,1,3,4,2,2,172400
17,4,49,0,1588,1,4,2,3,2,134432
10,6,26,1,752,1,1,4,1,1,125000
8,5,56,1,1319,1,1,4,1,1,123000
15,7,3,1,1928,2,4,5,3,2,219500
4,1,59,4,904,0,1,0,0,0,61000
15,5,10,3,914,1,1,2,1,2,148000
18,8,2,1,2466,2,4,4,2,2,340000
20,9,0,3,1856,3,5,4,3,3,394432
13,6,9,1,1800,1,3,4,3,2,179000
7,5,60,1,1691,2,4,2,1,1,127000
18,7,0,1,1301,2,4,4,2,2,187750
15,7,1,3,1797,2,1,4,2,2,213500
10,6,59,1,784,1,1,2,1,2,76000
17,6,15,3,1953,2,2,4,3,2,240000
14,8,5,1,1269,2,3,4,3,2,192000
4,5,10,1,1184,1,1,0,0,0,81000
4,6,33,3,1125,1,2,2,1,1,125000
15,7,8,1,1479,2,1,4,2,2,191000
21,10,0,3,2332,3,5,5,3,3,426000
4,5,58,1,1367,1,1,2,1,1,119000
9,6,7,1,1961,2,3,5,3,2,215000
8,5,48,0,882,1,1,4,2,1,106500
3,4,56,1,788,1,3,0,0,0,100000
5,5,57,1,1034,1,1,2,1,1,109000
4,5,54,3,1144,1,1,4,1,1,129000
15,5,37,3,894,1,1,2,2,2,123000
8,5,45,1,1812,1,3,4,2,1,169500
1,5,57,1,1077,1,1,2,1,1,67000
18,7,2,1,1550,2,1,4,3,2,241000
12,8,12,1,1288,3,4,4,3,2,245500
15,7,1,3,1310,2,4,4,3,2,164990
6,5,11,1,672,1,1,2,1,1,108000
22,8,8,1,2263,2,3,5,3,2,258000
13,6,11,1,1572,1,3,5,3,2,168000
6,4,16,1,1620,1,3,4,1,2,150000
7,6,58,1,1639,1,1,2,1,1,115000
16,6,32,1,1680,1,1,4,1,1,177000
21,7,1,1,2172,2,4,4,2,3,280000
18,8,0,1,2078,3,4,4,3,3,339750
4,5,51,1,1276,1,1,4,1,1,60000
13,5,51,2,1056,1,1,4,3,2,145000
18,7,1,3,1478,2,4,4,3,2,222000
5,5,60,1,1028,1,4,2,1,2,115000
10,7,15,1,2097,2,3,4,1,3,228000
13,7,0,3,1340,2,1,4,3,2,181134
6,6,28,1,1400,1,3,4,3,2,149500
16,6,57,1,2624,1,4,2,1,3,239000
4,5,57,1,1134,1,1,2,1,1,126000
8,5,42,1,1056,1,2,4,1,1,142000
9,7,10,4,1344,1,1,4,3,4,206300
11,6,9,1,1602,2,3,4,3,2,215000
9,5,54,1,988,1,1,4,2,2,113000
22,8,10,1,2630,2,3,4,3,3,315000
8,6,52,1,1196,1,4,4,2,1,139000
5,7,17,1,1389,1,4,2,1,1,135000
10,7,20,4,1644,2,3,4,3,2,275000
8,4,51,1,907,1,1,2,1,1,109008
15,7,0,1,1208,2,1,4,2,2,195400
19,6,21,2,1412,2,3,4,1,2,175000
2,6,37,1,987,1,1,2,1,1,85400
5,6,10,1,1198,1,1,0,0,0,79900
2,5,36,1,1365,1,1,2,1,2,122500
13,6,10,1,1604,1,3,4,3,2,181000
0,4,36,3,630,1,1,0,0,0,81000
15,7,13,3,1661,2,3,4,2,2,212000
5,6,56,1,1118,1,1,2,1,2,116000
3,6,5,1,904,1,1,2,1,1,119000
16,5,5,1,694,2,4,2,1,1,90350
4,6,9,2,1196,2,1,2,1,2,110000
21,10,1,4,2402,3,4,4,3,3,555000
4,4,53,1,1440,0,1,0,0,0,118000
3,5,16,1,1573,1,4,2,1,2,162900
14,7,0,3,1258,2,4,4,3,3,172500
15,7,13,1,1908,2,3,4,1,2,210000
4,6,53,1,1689,1,4,4,1,2,127500
8,6,8,1,1888,2,4,4,3,2,190000
13,7,7,1,1886,2,3,4,3,2,199900
1,6,56,1,1376,1,4,2,1,1,119500
5,3,5,1,1183,1,1,2,1,1,120000
5,6,1,1,813,2,1,2,1,1,110000
17,7,31,4,1533,2,3,4,1,2,280000
19,6,10,1,1756,1,1,4,3,2,204000
18,8,1,1,1590,2,1,4,2,2,210000
9,5,30,1,1728,1,1,2,1,2,188000
11,7,34,1,1242,1,3,4,1,2,175500
5,5,58,1,1344,1,1,2,1,3,98000
17,4,14,4,1663,2,4,4,3,2,256000
5,8,12,1,1666,2,4,2,1,1,161000
3,5,59,1,1203,2,3,2,1,1,110000
18,8,0,1,1935,1,1,5,3,2,263435
7,7,2,1,1135,2,1,2,2,2,155000
6,5,44,1,864,1,0,2,1,1,62383
16,6,13,1,1660,1,4,2,1,1,188700
15,5,31,1,1040,1,1,0,0,0,124000
14,7,2,1,1414,2,3,4,3,2,178740
8,7,37,4,1277,1,0,4,1,2,167000
8,5,12,1,1644,2,4,4,1,1,146500
21,8,1,1,1634,2,4,4,2,3,250000
10,6,15,1,1710,2,1,4,2,2,187000
20,8,25,3,1502,2,1,4,2,2,212000
11,7,30,1,1969,1,4,4,2,2,190000
4,6,3,4,1072,1,1,3,2,2,148000
21,8,0,4,1976,2,5,4,2,3,440000
20,8,7,3,1652,3,1,4,2,2,251000
6,5,44,1,970,1,1,2,1,2,132500
15,6,10,4,1493,2,3,4,3,2,208900
21,9,1,3,2643,3,4,5,3,3,380000
15,8,1,4,1718,2,4,4,2,3,297000
5,4,7,1,1131,1,1,2,1,2,89471
21,9,1,4,1850,2,4,4,3,3,326000
21,9,2,4,1792,3,4,4,3,3,374000
5,7,4,1,1826,3,4,4,1,1,155000
9,6,8,1,1216,1,1,4,1,2,164000
6,5,6,1,999,2,1,2,1,1,132500
8,5,2,1,1113,2,4,4,1,1,147000
8,5,42,1,1073,1,1,4,2,2,156000
11,5,36,3,1484,1,3,4,1,2,175000
5,5,36,1,2414,1,4,4,1,2,160000
0,4,7,3,630,2,1,4,1,1,86000
0,5,32,2,1304,1,4,5,3,1,115000
8,6,56,1,1578,0,3,4,1,1,133000
13,6,0,1,1456,1,1,4,2,2,172785
8,5,48,1,1269,1,2,2,1,1,155000
5,5,13,1,886,1,1,4,1,1,91300
1,4,59,1,720,1,1,0,0,0,34900
22,8,14,1,3228,2,4,4,2,2,430000
3,7,58,1,1820,1,1,2,1,1,184000
6,5,5,1,899,2,1,4,3,1,130000
8,5,22,1,912,1,1,4,3,1,120000
2,6,34,1,1218,1,1,2,1,1,113000
18,7,3,1,1768,2,1,4,2,2,226700
4,5,42,1,1214,1,1,2,1,2,140000
16,7,13,1,1801,1,3,4,3,2,289000
12,6,35,1,1322,1,2,4,1,2,147000
5,5,57,1,1960,1,1,2,1,2,124500
10,8,12,1,1911,2,3,4,2,2,215000
18,6,0,1,1218,2,1,4,3,2,208300
5,7,3,1,1378,2,4,2,1,2,161000
8,5,50,1,1041,1,1,4,2,1,124500
8,5,9,1,1363,1,3,1,1,1,164900
21,7,0,1,1368,2,4,4,2,2,202665
8,5,48,1,864,1,1,2,1,2,129900
9,6,24,1,1080,1,1,4,1,2,134000
16,5,57,1,789,1,1,2,1,1,96500
21,10,0,1,2020,3,4,4,3,3,402861
11,6,37,1,2119,1,3,4,2,2,158000
22,7,12,1,2344,2,3,4,2,3,265000
15,6,9,2,1796,1,1,4,2,2,211000
16,7,5,1,2080,2,4,2,1,1,234000
5,4,8,0,1294,1,1,0,0,0,106250
8,6,50,1,1244,1,4,4,1,1,150000
3,6,56,1,1664,1,4,2,1,2,159000
4,10,-1,4,4676,3,4,5,3,3,184750
22,7,10,1,2398,2,3,4,3,3,315750
18,7,1,1,1266,2,3,4,1,2,176000
8,5,7,1,928,1,1,4,1,1,132000
21,9,0,3,2713,3,4,4,3,3,446261
4,4,5,2,605,1,1,0,0,0,86000
16,6,32,1,2515,1,3,4,2,2,200624
19,6,19,3,1509,2,2,4,2,2,175000
3,6,9,2,1362,1,1,2,3,2,128000
8,5,3,0,827,1,0,2,1,1,107500
3,1,57,0,334,0,1,0,0,0,39300
13,8,2,3,1414,2,4,4,3,2,178000
4,5,17,4,1347,1,1,0,0,0,107500
15,7,9,3,1724,2,1,4,3,2,188000
8,4,36,1,864,1,1,2,1,2,111250
6,5,38,1,1159,1,2,4,1,1,158000
15,8,8,3,1601,2,3,4,2,2,272000
19,9,3,3,1838,3,4,4,3,3,315000
22,8,7,1,2285,2,3,5,3,3,248000
11,7,10,1,1680,2,3,4,3,2,213250
8,7,9,3,767,1,1,4,3,1,133000
13,7,0,3,1496,2,4,4,2,2,179665
11,7,18,1,2183,2,1,4,1,3,229000
3,6,57,1,1635,1,4,2,1,2,210000
9,5,37,3,768,1,1,2,1,2,129500
5,5,13,1,825,1,1,2,2,2,125000
18,7,5,1,2094,2,4,5,3,2,263000
12,6,31,1,1069,1,1,4,2,2,140000
5,5,51,1,928,1,1,4,3,1,112500
21,8,3,3,1717,2,4,4,2,3,255500
4,4,6,0,1126,2,1,2,3,2,108000
21,7,4,1,2046,2,4,5,2,3,284000
3,5,56,1,1048,1,4,2,1,1,113000
8,5,49,1,1092,1,3,4,3,1,141000
1,4,56,1,1336,1,1,1,1,1,108000
13,7,11,4,1446,1,3,4,1,2,175000
14,7,2,4,1557,2,3,4,3,2,234000
6,5,14,1,1392,1,4,2,1,2,121500
9,5,31,3,1389,1,3,4,2,2,170000
4,5,39,1,996,1,4,0,0,0,108000
4,6,58,2,1674,1,4,2,3,2,185000
22,7,6,1,2295,2,3,4,2,2,268000
7,6,60,1,1647,0,1,2,1,1,128000
20,9,1,1,2504,3,4,5,3,3,325000
21,7,6,1,1535,2,1,4,2,2,214000
10,8,0,4,2132,2,4,5,3,2,316600
8,5,27,4,943,1,3,2,1,2,135960
8,5,43,1,1728,1,1,2,1,2,142600
8,6,47,1,864,2,1,4,1,1,120000
19,7,0,3,1692,2,1,4,2,2,224500
13,7,7,1,1430,1,3,5,2,2,170000
8,5,2,3,1109,1,1,5,1,1,139000
8,5,58,1,1216,1,1,2,1,1,118500
7,7,59,1,1477,1,4,2,1,1,145000
6,5,40,3,1320,1,2,4,2,2,164500
18,7,1,1,1392,2,1,2,1,2,146000
5,5,54,1,1795,1,1,4,1,1,131500
8,6,20,1,1429,2,4,4,1,2,181900
21,8,0,1,2042,3,4,4,2,3,253293
4,6,17,3,816,1,1,0,0,0,118500
5,10,8,1,2775,2,4,2,1,2,325000
3,4,14,1,1573,2,1,2,1,1,133000
19,8,0,4,2028,2,4,4,2,3,369900
3,6,8,2,838,0,1,2,3,1,130000
6,5,27,3,860,1,1,2,1,2,137000
17,5,6,4,1473,3,4,4,1,1,143000
3,5,48,1,935,1,1,2,1,1,79500
15,7,4,1,1582,2,1,4,2,2,185900
21,10,1,4,2296,3,4,5,2,3,451950
9,5,5,1,816,1,1,2,3,2,138000
15,6,6,3,848,2,1,4,3,2,140000
15,5,33,1,924,1,1,2,1,1,110000
20,8,0,4,1826,2,3,4,3,3,319000
5,6,13,1,1368,1,1,2,1,1,114504
14,7,0,3,1402,2,4,4,3,3,194201
16,5,29,2,1647,2,3,4,3,2,217500
12,6,28,1,1556,1,3,4,3,2,151000
21,8,1,3,1904,3,4,5,3,2,275000
1,6,57,1,1375,2,4,2,1,1,141000
10,8,14,2,1915,2,3,4,3,2,220000
18,7,5,1,1200,2,1,2,2,2,151000
15,7,6,2,1494,2,3,4,2,2,221000
8,7,19,1,1986,1,2,4,1,2,205000
15,5,13,1,1040,2,1,2,1,2,152000
4,5,4,1,2008,3,1,4,1,1,225000
16,8,9,2,3194,1,4,3,1,2,359100
6,4,46,2,1029,1,1,4,1,1,118500
15,9,9,2,2153,3,5,4,3,3,313000
11,6,29,3,1032,1,3,4,1,2,148000
15,8,8,3,1872,3,3,5,2,2,261500
9,5,0,1,1120,1,1,0,0,0,147000
0,4,38,3,630,1,1,0,0,0,75500
8,6,47,4,1054,2,1,4,2,2,137500
13,6,3,1,1509,2,4,4,3,2,183200
8,6,54,1,832,2,1,2,1,2,105500
21,9,0,3,1828,2,4,4,1,3,314813
19,8,5,4,2262,2,4,4,3,3,305000
4,3,58,1,864,1,1,0,0,0,67000
11,6,11,1,2614,1,3,4,2,2,240000
6,5,32,1,980,1,1,2,1,2,135000
18,6,7,1,1512,2,3,2,1,2,168500
11,6,34,1,1790,1,3,4,2,2,165150
8,6,48,1,1116,1,1,4,1,2,160000
8,5,29,1,1422,1,3,4,2,1,139900
8,6,38,3,1520,1,4,3,2,1,153000
8,5,38,3,2080,0,3,4,1,2,135000
8,6,44,4,1350,1,1,4,2,2,168500
5,5,15,1,1750,3,1,2,1,1,124000
21,8,1,2,1554,2,4,4,2,2,209500
11,7,32,1,1411,1,3,4,3,2,82500
8,5,2,1,1056,1,1,4,1,1,139400
5,6,30,1,1056,1,1,2,1,2,144000
7,6,12,1,3395,0,1,0,0,0,200000
3,2,59,1,800,0,0,0,0,0,60000
5,5,55,1,1387,2,1,5,1,1,93000
4,5,58,1,796,1,1,0,0,0,85000
14,8,0,3,1567,3,4,4,3,3,264561
21,8,4,4,1518,3,4,4,2,2,274000
18,7,6,1,1929,2,3,4,3,2,226000
8,8,14,4,2704,3,3,4,3,2,345000
11,5,38,1,1620,1,1,4,3,2,152000
18,9,0,2,1766,3,4,4,3,3,370878
8,6,36,1,981,1,1,2,1,2,143250
8,5,58,0,1048,1,1,2,1,2,98300
4,6,55,2,1094,1,4,4,2,2,155000
8,6,44,1,1839,1,3,4,1,2,155000
0,4,37,3,630,1,1,0,0,0,84500
18,7,1,1,1665,2,1,4,2,2,205950
4,4,59,2,1510,1,4,2,1,1,108000
15,7,13,1,1716,2,3,4,2,2,191000
1,6,13,1,1469,1,1,2,1,1,135000
22,8,13,4,2113,2,3,4,3,3,350000
2,6,39,1,1092,1,1,2,1,1,88000
8,5,2,1,1053,2,1,4,2,1,145500
16,7,8,1,1502,1,4,4,2,1,149000
8,6,60,1,1458,1,4,4,1,1,97500
4,5,10,1,1486,1,1,2,3,2,167000
11,7,31,1,1935,1,3,4,2,2,197900
22,8,4,1,2448,2,3,4,2,3,402000
8,6,41,1,1392,1,3,4,2,2,110000
4,4,36,3,1181,1,1,2,2,2,137500
18,8,0,2,2097,3,5,4,3,3,423000
13,8,6,1,1936,2,3,4,2,2,230500
8,6,28,1,2380,1,0,1,1,2,129000
10,6,10,1,1679,2,2,4,2,2,193500
6,5,19,1,1437,1,3,2,1,2,168000
16,4,56,1,1180,0,4,2,1,1,137500
15,6,4,1,1476,2,1,4,3,2,173500
4,6,59,1,1369,1,1,2,1,1,103600
12,6,29,1,1208,1,3,4,2,2,165000
16,6,3,1,1839,2,3,4,3,2,257500
8,6,43,1,1136,1,4,4,2,1,140000
12,6,31,1,1441,1,3,4,1,2,148500
5,4,56,1,1774,1,1,1,1,3,87000
5,5,3,1,792,2,1,2,1,1,109500
20,8,1,2,2046,2,4,4,3,3,372500
6,5,46,1,988,1,1,2,1,2,128500
10,6,30,1,923,1,3,4,2,1,143000
7,5,9,1,1520,1,1,2,1,1,159434
17,6,11,2,1291,2,4,4,1,2,173000
15,9,5,3,1668,2,3,4,3,3,285000
22,7,12,1,1839,1,1,4,3,2,221000
20,7,23,2,2090,2,3,4,3,2,207500
18,7,0,1,1761,2,1,4,3,2,227875
18,7,3,1,1102,2,1,2,1,2,148800
20,8,0,3,1419,2,4,4,2,2,392000
21,6,1,3,1362,2,4,4,2,2,194700
15,6,4,4,848,2,3,4,2,2,141000
22,10,12,4,4316,3,5,4,3,3,755000
19,7,16,4,2519,2,4,4,2,2,335000
5,5,38,1,1073,1,1,2,1,1,108480
3,5,59,1,1539,1,1,2,1,2,141500
19,6,19,1,1137,2,3,4,1,2,176000
3,5,56,1,616,1,1,2,1,1,89000
4,5,54,2,1148,1,1,2,1,1,123500
6,5,1,1,894,1,4,2,1,1,138500
18,7,4,2,1391,2,1,4,2,2,196000
19,8,4,4,1800,2,4,4,3,3,312500
11,7,37,1,1164,1,1,4,1,2,140000
20,8,0,1,2576,3,4,5,3,3,361919
5,5,14,1,1812,2,0,2,1,2,140000
15,7,5,3,1484,2,1,4,2,2,213000
1,4,60,0,1092,0,1,0,0,0,55000
17,7,5,4,1824,2,3,4,1,2,302000
21,8,3,1,1324,2,4,4,3,2,254000
13,7,0,3,1456,2,4,4,3,2,179540
6,5,42,1,904,1,1,4,1,1,109900
3,3,5,1,729,1,1,0,0,0,52000
1,4,60,2,1178,1,1,2,2,1,102776
20,8,19,2,1228,2,4,4,3,2,189000
3,4,36,3,960,1,1,2,1,2,129000
6,6,5,1,1479,2,1,4,2,2,130500
11,6,35,1,1350,1,3,4,2,2,165000
5,7,9,1,2554,1,1,2,1,2,159500
11,5,8,1,1178,2,2,4,1,2,157000
22,7,14,4,2418,2,3,4,2,3,341000
15,5,37,4,971,1,0,4,1,1,128500
20,8,21,4,1742,2,3,4,2,2,275000
15,6,6,3,848,2,1,4,2,2,143000
8,4,39,1,864,1,1,2,1,2,124500
4,4,36,1,1470,1,1,2,1,1,135000
4,9,1,1,1698,3,4,4,3,3,320000
8,4,39,1,864,2,1,2,1,2,120500
16,6,2,1,1680,2,4,4,3,2,222000
15,7,2,3,1232,2,1,4,2,2,194500
8,5,51,1,1776,1,1,2,1,3,110000
1,4,59,1,1208,1,1,2,1,2,103000
20,8,14,1,1616,2,3,4,2,2,236500
19,7,4,3,1146,2,4,4,3,2,187500
15,7,9,3,2031,2,3,4,3,2,222500
6,5,26,1,1144,1,3,4,2,1,131400
6,5,39,1,948,1,1,4,1,1,108000
5,7,36,2,1768,1,3,2,1,2,163000
8,3,56,0,1040,1,1,2,1,2,93500
13,8,1,1,1801,2,4,4,3,3,239900
4,5,21,4,1200,1,1,0,0,0,179000
15,7,5,1,1728,2,1,4,2,2,190000
5,5,5,1,1432,1,1,2,1,2,132000
6,6,12,2,912,2,1,2,1,1,142000
10,7,6,1,1349,1,1,4,1,2,179000
6,5,10,3,1464,1,3,4,2,2,175000
20,8,15,1,1337,2,3,4,2,2,180000
11,8,12,1,2715,2,3,5,3,2,299800
13,7,9,1,2256,2,3,5,3,2,236000
5,7,6,1,2640,2,4,2,1,4,265979
22,7,14,1,1720,2,3,4,3,2,260400
4,4,59,0,1529,1,1,2,1,1,98000
5,4,6,1,1140,1,1,0,0,0,96500
13,7,4,1,1320,2,1,4,3,2,162000
15,6,9,4,1494,2,1,4,2,2,217000
21,8,1,2,2098,3,4,4,2,3,275500
8,6,4,1,1026,2,1,2,2,2,156000
18,6,10,1,1471,1,1,2,1,2,172500
15,8,2,3,1768,2,1,4,2,2,212000
6,6,32,2,1386,1,3,4,3,2,158900
18,7,9,1,1501,1,1,2,1,2,179400
22,8,12,3,2531,2,3,4,2,3,290000
8,6,50,1,864,1,1,2,1,1,127500
3,5,59,2,1301,0,1,2,1,2,100000
18,7,1,2,1547,2,1,4,1,2,215200
22,8,10,2,2365,2,4,4,2,3,337000
12,8,10,3,1494,3,4,4,3,2,270000
18,9,0,1,1506,3,4,4,3,2,264132
11,7,22,1,1714,1,3,4,1,2,196500
9,6,23,2,1750,1,1,4,1,1,160000
15,7,1,1,1836,2,4,4,3,2,216837
20,8,7,4,3279,3,4,5,3,3,538000
6,5,27,3,858,1,1,2,1,2,134900
4,4,55,1,1220,1,1,2,1,2,102000
4,6,34,3,1117,1,3,2,1,2,107000
8,5,49,1,912,1,1,4,2,1,114500
21,8,1,3,1973,2,4,4,3,3,395000
9,6,11,1,1204,1,1,4,3,2,162000
15,7,0,3,1614,2,1,4,2,3,221500
6,5,32,1,894,1,2,4,1,2,142500
10,5,30,0,2020,1,3,2,1,2,144000
9,6,29,4,1004,1,1,4,1,2,135000
13,7,11,1,1253,1,3,4,3,2,176000
10,6,14,1,1603,2,1,4,2,2,175900
15,7,7,1,1430,2,1,4,2,2,187100
9,5,31,3,1110,2,3,4,3,2,165500
5,6,7,1,1484,1,4,0,0,0,128000
11,6,42,1,1342,1,4,4,1,2,161500
5,5,60,1,1652,1,1,2,1,1,139000
10,7,6,1,2084,2,1,5,2,2,233000
5,4,8,1,901,1,1,2,1,1,107900
17,6,0,4,2087,2,1,4,3,2,187500
14,7,3,1,1145,2,4,4,3,2,160200
9,6,31,3,1062,1,3,4,2,2,146800
22,7,10,3,2013,1,3,4,1,2,269790
18,8,0,3,1496,2,1,4,3,2,225000
13,7,12,1,1895,2,3,4,3,2,194500
10,6,29,1,1564,1,3,4,1,2,171000
6,6,30,1,1285,1,3,4,2,2,143500
8,5,55,1,773,1,1,4,1,1,110000
21,9,0,1,3140,3,4,5,3,3,485000
7,5,57,1,1768,2,3,2,1,1,175000
17,6,11,4,1688,2,1,4,2,2,200000
1,4,17,1,1196,1,1,2,1,2,109900
15,7,3,3,1456,2,4,4,3,2,189000
21,9,0,4,2822,3,4,5,2,3,582933
8,5,52,1,1128,1,1,4,1,1,118000
18,7,0,1,1428,3,1,4,2,2,227680
8,5,39,3,980,1,1,4,3,1,135500
3,5,5,4,1576,2,3,4,2,2,223500
8,5,40,3,1086,1,4,4,2,2,159950
5,5,44,1,2138,1,1,2,1,2,106000
11,6,7,1,1309,2,2,4,2,2,181000
15,6,4,4,848,2,4,4,3,2,144500
1,5,58,3,1044,0,1,3,1,2,55993
8,6,49,1,1442,1,1,4,2,1,157900
4,5,56,1,1250,0,1,2,1,1,116000
15,7,12,1,1661,2,1,4,2,2,224900
8,5,52,1,1008,1,4,4,2,1,137000
9,8,6,1,1689,2,4,4,2,3,271000
17,6,39,3,1052,1,1,4,1,2,155000
21,7,0,2,1358,2,4,4,2,2,224000
15,7,5,1,1640,2,1,4,2,2,183000
5,4,56,1,936,1,1,2,1,2,93000
13,7,4,4,1733,2,4,5,3,2,225000
7,6,59,1,1489,1,4,2,1,1,139500
18,8,0,1,1489,2,4,4,2,2,232600
21,10,0,3,2084,3,4,4,3,3,385000
3,5,58,1,784,2,1,0,0,0,109500
10,7,8,1,1434,2,3,4,2,2,189000
17,5,42,4,2126,1,1,4,3,2,185000
18,7,1,1,1223,2,1,2,2,2,147400
8,6,51,1,1392,1,4,4,2,2,166000
18,7,1,1,1200,2,1,2,2,2,151000
15,7,7,1,1829,2,3,4,2,2,237000
8,6,45,1,1516,1,1,4,2,2,167000
8,5,47,1,1144,1,1,4,1,2,139950
6,4,15,1,1067,2,1,4,1,2,128000
5,5,34,1,1559,1,1,2,1,2,153500
2,6,35,1,987,1,1,2,1,1,100000
15,5,2,1,1099,2,1,4,1,1,144000
4,5,13,1,1200,1,1,2,1,1,130500
7,6,58,1,1482,0,1,2,1,1,140000
5,5,6,1,1539,2,0,2,1,2,157500
8,6,42,4,1165,1,1,4,2,2,174900
8,5,46,1,1800,1,1,0,0,0,141000
5,5,58,2,1416,1,4,2,1,3,153900
6,5,26,4,1701,1,3,3,3,2,171000
10,7,16,1,1775,2,3,4,1,2,213000
15,5,37,3,864,1,2,4,1,1,133500
17,6,11,1,2358,1,4,2,1,2,240000
12,6,13,1,1855,1,3,4,2,2,187000
15,6,4,3,848,2,1,4,3,2,131500
14,8,3,4,1456,2,3,4,3,2,215000
16,7,57,1,1646,1,4,2,1,1,164000
8,6,45,4,1445,1,2,4,2,2,158000
6,5,32,2,1779,1,4,4,1,2,170000
6,5,0,1,1040,1,1,2,1,1,127000
15,6,30,4,1026,1,1,2,1,2,147000
13,6,14,1,1481,1,3,4,3,2,174000
11,7,33,1,1370,1,3,4,2,2,152000
11,6,22,2,2654,2,4,4,1,2,250000
16,7,9,1,1426,2,4,2,1,1,189950
6,5,45,2,1039,1,1,4,1,2,131500
10,6,25,1,1097,1,1,4,1,2,152000
8,5,50,1,1148,1,1,4,1,1,132500
18,7,0,1,1372,2,1,4,3,2,250580
8,5,39,1,1002,1,1,2,1,2,148500
19,8,0,3,1646,2,4,4,2,3,248900
6,4,46,1,1120,0,1,4,2,2,129000
13,5,56,0,2320,1,3,4,1,2,169000
10,7,16,1,1949,2,3,4,3,2,236000
8,5,47,1,894,1,1,2,1,1,109500
15,6,12,1,1682,2,1,4,2,2,200500
8,5,12,3,910,2,1,4,1,2,116000
8,5,59,1,1268,1,4,4,1,1,133000
5,5,59,1,1131,1,1,2,1,1,66500
18,8,0,3,2610,3,4,5,3,2,303477
9,4,44,4,1040,1,1,4,1,2,132250
21,9,4,1,2224,3,4,4,3,3,350000
6,5,15,3,1155,2,1,2,1,2,148000
15,5,4,1,864,1,1,4,1,1,136500
4,5,1,1,1090,1,1,4,3,2,157000
19,7,16,2,1717,2,3,4,2,2,187500
13,6,16,1,1593,1,3,5,2,2,178000
7,4,56,1,2230,1,1,2,1,1,118500
8,5,42,1,892,1,1,4,2,1,100000
18,9,8,3,1709,2,3,4,3,2,328900
8,5,1,1,1712,1,1,4,3,2,145000
4,5,53,1,1393,1,1,4,1,1,135500
8,8,37,4,2217,2,3,4,1,2,268000
8,6,56,1,1505,1,3,4,2,2,149500
8,5,1,2,924,1,0,2,1,2,122900
6,6,31,1,1683,1,3,4,2,2,172500
6,6,3,1,1068,1,1,4,2,1,154500
6,5,54,2,1383,1,4,4,1,1,165000
10,5,30,0,1535,1,1,4,1,2,118858
8,6,45,1,1796,1,3,4,2,2,140000
1,4,56,1,951,1,1,2,1,1,106500
10,5,30,0,2240,1,1,2,1,2,142953
21,9,0,4,2364,3,4,4,3,3,611657
6,5,12,1,1236,1,3,4,1,1,135000
8,4,36,1,858,1,1,2,1,1,110000
8,5,9,2,1306,1,1,2,1,1,153000
13,7,3,1,1509,2,4,4,3,2,180000
13,7,0,1,1670,2,4,4,2,3,240000
6,5,40,1,902,1,1,4,1,1,125500
8,5,56,1,1063,1,1,4,2,1,128000
18,8,1,1,1636,2,4,4,2,3,255000
16,7,19,1,2057,2,4,4,3,1,250000
9,5,23,3,902,1,1,4,1,2,131000
13,6,4,1,1484,2,4,4,3,2,174000
8,5,50,1,2274,1,1,2,1,2,154300
15,5,20,3,1268,2,1,2,1,1,143500
3,5,56,1,1015,1,1,2,1,1,88000
16,5,57,1,2002,1,1,1,1,3,145000
18,6,0,3,1224,2,1,2,2,2,173733
0,4,37,1,1092,1,1,4,1,1,75000
1,2,56,3,480,1,1,2,1,1,35311
4,4,53,1,1229,1,1,4,2,1,135000
10,7,16,2,2127,2,3,4,2,3,238000
8,6,6,1,1414,1,3,4,1,2,176500
10,6,13,1,1721,2,1,4,2,2,201000
4,5,5,1,2200,1,1,0,0,0,145900
13,6,0,1,1316,2,4,4,3,2,169990
10,6,14,1,1617,2,2,4,2,2,193000
11,6,26,1,1686,1,3,4,1,2,207500
11,5,31,3,1126,3,1,4,2,2,175000
21,8,3,1,2374,3,4,5,3,3,285000
11,7,40,1,1978,1,4,4,2,2,176000
15,8,8,3,1788,3,3,4,2,2,236500
13,7,9,1,2236,2,3,5,3,2,222000
19,8,2,3,1466,2,1,4,3,3,201000
8,5,44,1,925,1,1,2,1,1,117500
18,9,1,1,1905,3,4,4,3,3,320000
15,7,5,3,1500,2,1,4,2,2,190000
8,7,1,4,2069,2,4,4,2,2,242000
3,4,53,2,747,1,1,2,1,2,79900
10,7,6,1,1200,2,1,4,2,2,184900
18,7,4,2,1971,2,4,4,2,2,253000
15,7,0,2,1962,2,1,4,2,3,239799
17,7,60,2,2403,1,3,4,1,1,244400
9,6,30,4,1728,1,1,4,1,2,150900
13,7,10,1,2060,2,3,5,2,2,214000
4,4,30,4,1440,1,1,0,0,0,150000
9,5,40,3,1632,1,1,4,1,2,143000
19,6,51,1,1344,2,4,3,2,2,137500
5,5,13,1,1869,1,1,2,1,2,124900
8,5,47,3,1144,1,3,4,2,1,143000
19,8,4,3,1629,2,4,4,3,3,270000
15,7,4,0,1776,2,3,4,2,2,192500
11,6,4,1,1381,2,3,4,2,2,197500
8,5,5,1,864,2,1,2,2,2,129000
10,5,41,1,965,1,1,2,1,1,119900
15,5,6,3,768,1,1,2,3,1,133900
9,5,39,3,1968,1,0,4,2,2,172000
4,6,31,4,980,1,1,0,0,0,127500
16,6,57,1,1958,1,1,4,1,2,145000
12,6,29,1,1229,1,3,4,3,2,124000
6,5,45,1,1057,1,1,2,3,2,132000
15,7,4,2,1337,2,1,4,2,2,185000
18,7,11,1,1416,2,1,2,1,2,155000
3,5,2,4,858,1,1,0,0,0,116500
11,6,13,1,2872,1,3,4,3,2,272000
12,6,31,1,1548,2,3,2,1,2,155000
15,9,2,1,1800,3,1,4,3,2,239000
19,7,7,1,1894,2,4,5,3,2,214900
13,6,0,1,1484,2,4,4,3,2,178900
16,5,59,1,1308,1,3,2,1,1,160000
8,5,53,1,1098,1,1,4,1,1,135000
5,3,59,1,968,1,1,0,0,0,37900
8,6,48,4,1095,1,1,4,2,1,140000
8,4,56,1,1192,1,1,0,0,0,135000
21,7,5,1,1626,2,1,5,2,2,173000
10,6,31,1,918,1,3,4,1,1,99500
18,7,0,1,1428,2,1,4,3,2,182000
3,7,16,1,2019,2,1,2,1,2,167500
18,7,6,1,1382,2,1,2,1,2,165000
3,4,48,1,869,0,1,0,0,0,85500
18,7,0,1,1241,2,1,4,3,2,199900
4,4,53,1,894,1,1,2,1,2,110000
6,5,46,1,1121,1,1,2,1,2,139000
8,7,1,3,999,3,1,4,2,2,178400
22,8,10,1,2612,2,3,4,3,3,336000
14,7,1,3,1266,2,4,4,3,2,159895
15,8,6,2,2290,2,4,4,1,2,255900
9,5,32,0,1734,2,1,4,1,2,126000
4,5,58,1,1164,1,1,2,1,1,125000
5,6,3,1,1635,2,1,4,1,1,117000
21,9,0,3,1940,3,4,4,3,3,395192
11,6,31,1,2030,2,3,4,3,2,195000
18,7,0,1,1576,2,1,4,2,2,197000
22,8,8,1,2392,2,3,4,3,3,348000
5,8,23,1,1742,2,4,4,1,2,168000
8,6,14,4,1851,2,2,4,2,2,187000
15,6,0,1,1500,2,1,4,2,2,173900
21,10,2,4,1718,3,4,4,3,3,337500
3,4,56,1,1230,1,1,2,1,1,121600
8,5,45,1,1050,1,1,4,1,1,136500
11,6,39,1,1442,1,3,4,2,2,185000
1,3,56,1,1077,1,4,2,1,1,91000
15,7,4,3,1208,2,1,4,2,2,206000
4,3,57,0,944,0,1,2,1,2,82000
5,5,57,1,691,3,1,2,1,1,86000
18,8,2,1,1574,2,4,4,2,3,232000
11,5,31,1,1680,1,1,2,1,2,136905
14,7,3,1,1504,2,4,4,3,2,181000
15,5,31,3,985,1,1,4,1,1,149900
8,6,37,1,1657,1,3,4,1,2,163500
0,4,39,1,1092,1,1,4,2,1,88000
9,7,4,2,1710,2,4,4,3,2,240000
7,5,56,1,1522,1,1,0,0,0,102000
6,5,58,1,1271,1,4,4,1,1,135000
4,5,45,0,1664,1,1,0,0,0,100000
16,6,11,1,1502,2,3,2,1,1,165000
5,5,3,1,1022,1,1,2,1,1,85000
8,6,57,1,1082,1,4,2,1,1,119200
11,8,8,1,1665,2,1,4,3,2,227000
15,7,13,4,1504,2,3,4,3,2,203000
20,8,25,3,1360,2,5,4,2,2,187500
13,7,15,1,1472,2,3,4,2,2,160000
14,7,1,4,1506,2,4,4,3,2,213490
4,4,3,1,1132,2,1,4,3,2,176000
15,7,0,3,1220,2,1,4,2,2,194000
5,5,57,1,1248,1,1,2,1,1,87000
14,7,2,1,1504,2,4,4,3,2,191000
19,8,32,3,2898,2,4,4,3,2,287000
15,5,35,1,882,1,1,2,1,2,112500
8,5,50,1,1264,1,4,4,1,2,167500
19,8,0,4,1646,2,4,4,2,3,293077
8,5,57,1,1376,1,4,4,1,1,105000
2,6,34,1,1218,1,1,2,1,1,118000
7,5,11,2,1928,1,1,0,0,0,160000
7,7,39,1,3082,1,3,3,3,2,197000
22,8,13,1,2520,2,3,4,2,3,310000
15,7,4,1,1654,2,1,4,1,3,230000
16,5,57,1,954,0,4,3,1,1,119750
4,4,52,0,845,1,1,2,1,1,84000
19,9,1,4,1620,3,5,4,3,3,315500
15,8,6,1,2263,2,3,5,3,2,287000
0,4,1,1,1344,1,3,0,0,0,97000
0,4,39,3,630,1,1,4,1,1,80000
6,5,6,1,1803,1,3,4,2,2,155000
11,6,8,1,1632,2,1,4,1,2,173000
21,6,4,3,1306,2,4,4,2,2,196000
10,7,18,1,2329,2,5,4,1,2,262280
11,8,28,1,2524,2,4,4,3,2,278000
4,3,54,0,1733,1,4,4,1,2,139600
20,9,0,3,2868,3,4,5,3,3,556581
15,5,13,1,990,1,1,2,1,2,145000
9,5,3,0,1771,1,3,4,1,2,115000
4,4,4,0,930,2,1,2,1,1,84900
13,7,0,3,1302,2,1,4,3,2,176485
15,7,0,3,1316,2,4,4,3,2,200141
8,6,29,1,1977,1,3,4,2,2,165000
4,5,8,3,1526,1,4,3,1,1,144500
15,8,4,2,1989,2,4,4,3,2,255000
11,6,32,1,1523,1,3,4,3,2,180000
21,7,1,3,1364,2,4,4,2,2,185850
22,7,15,1,1850,2,4,5,3,2,248000
21,9,1,3,2184,3,4,4,3,3,335000
16,6,57,2,1991,1,4,2,1,2,220000
20,8,9,2,1338,2,1,4,3,2,213500
1,3,58,1,894,1,1,2,2,3,81000
5,5,57,1,2337,1,1,2,1,2,90000
5,6,26,1,1103,2,4,2,1,2,110500
8,5,43,2,1154,1,0,4,2,2,154000
17,7,13,4,2260,2,1,4,2,2,328000
13,6,15,1,1571,1,3,4,2,2,178000
8,6,44,4,1611,1,1,4,2,2,167900
0,6,33,1,2521,1,4,4,3,2,151400
8,5,4,1,893,2,1,2,1,2,135000
8,5,51,1,1048,1,1,4,1,1,135000
11,6,41,1,1556,1,1,4,1,2,154000
4,5,56,2,1456,1,3,2,1,1,91500
4,6,32,1,1426,1,1,4,3,2,159500
15,7,1,3,1240,2,1,4,2,3,194000
16,7,23,1,1740,1,4,4,1,1,219500
5,5,17,1,1466,2,3,4,1,2,170000
8,5,37,2,1096,1,1,4,3,1,138800
15,6,2,2,848,2,4,4,2,2,155900
15,5,13,1,990,1,1,4,1,1,126000
11,6,4,1,1258,2,1,4,2,2,145000
6,5,47,1,1040,1,1,4,3,1,133000
15,7,5,1,1459,2,4,4,2,2,192000
8,6,42,1,1251,1,4,4,2,1,160000
13,6,10,1,1498,1,3,4,3,2,187500
10,6,18,3,996,2,1,4,1,2,147000
0,4,37,1,1092,1,1,4,2,1,83500
18,8,3,2,1953,2,4,4,2,3,252000
4,7,2,1,1709,2,1,2,1,2,137500
18,8,1,1,1247,2,4,4,3,2,197000
8,3,59,0,1040,1,1,2,1,2,92900
18,7,8,1,1252,2,1,2,1,2,160000
7,6,58,1,1694,1,4,2,1,2,136500
8,5,8,2,1200,2,1,2,1,2,146000
8,5,10,1,936,1,1,4,3,1,129000
15,6,1,1,1314,2,4,4,2,2,176432
1,6,1,1,1355,2,1,0,0,0,127000
20,8,21,1,1088,2,1,4,2,2,170000
3,4,59,1,1324,1,1,2,1,1,128000
11,7,31,1,1601,1,3,4,2,2,157000
7,2,59,1,438,0,1,2,1,1,60000
8,5,36,1,950,1,1,2,1,1,119500
8,5,5,1,1134,1,1,4,2,1,135000
8,6,47,2,1194,1,2,5,3,2,159500
2,5,37,1,1302,1,1,2,1,2,106000
22,8,15,3,2622,2,3,4,2,2,325000
10,7,16,2,1442,2,3,4,3,2,179900
13,7,0,1,2021,2,4,5,2,2,274725
13,6,7,1,1690,1,3,4,2,2,181000
21,8,4,2,1836,2,4,4,3,3,280000
13,6,12,1,1658,1,3,4,3,2,188000
11,7,32,1,1964,1,4,4,2,2,205000
8,5,49,1,816,1,1,2,1,1,129900
8,5,1,1,1008,2,1,4,1,1,134500
5,5,6,1,833,2,1,2,1,1,117000
21,8,0,1,1734,3,4,4,2,3,318000
13,8,7,1,1419,2,3,5,3,2,184100
6,5,5,1,894,2,1,4,2,2,130000
6,5,21,1,1601,1,1,5,2,1,140000
8,5,47,1,1040,1,1,4,2,1,133700
1,6,57,1,1012,1,4,2,1,1,118400
15,7,0,3,1552,2,1,4,2,3,212900
4,4,53,1,960,1,1,3,1,1,112000
4,5,1,1,698,1,1,0,0,0,118000
13,7,15,1,1482,2,3,4,3,2,163900
8,4,54,1,1005,0,3,2,1,2,115000
14,7,2,1,1555,2,3,4,3,3,174000
13,7,3,3,1530,2,4,4,3,3,259000
13,7,2,3,1959,2,4,5,3,2,215000
5,5,27,4,936,1,1,2,1,2,140000
7,4,59,1,1981,2,3,2,1,2,135000
9,5,15,2,974,1,1,0,0,0,93500
5,6,57,2,2210,0,1,2,1,1,117500
10,8,14,1,2020,2,3,4,2,2,239500
13,6,10,3,1600,1,3,4,3,2,169000
3,6,57,1,986,1,4,2,1,1,102000
8,6,58,1,1252,1,1,4,1,1,119000
6,5,14,1,1020,1,1,0,0,0,94000
9,6,32,4,1567,2,3,4,2,2,196000
3,5,57,1,1167,1,4,2,1,2,144000
8,5,57,2,952,1,1,2,1,2,139000
11,5,33,1,1868,2,3,4,1,2,197500
15,8,0,4,2828,2,3,5,2,3,424870
6,5,49,1,1006,1,1,0,0,0,80000
4,4,60,1,924,0,1,2,1,1,80000
3,5,56,1,1576,1,4,2,1,1,149000
10,6,21,1,1298,2,3,4,1,2,180000
16,7,59,1,1564,0,4,4,1,1,174500
5,7,58,1,1111,1,4,2,1,1,116900
5,7,21,1,1482,1,1,2,1,2,143000
8,6,57,1,932,2,4,4,1,1,124000
4,5,47,1,1466,0,4,4,3,2,149900
16,6,2,1,1811,3,4,4,3,2,230000
1,6,1,3,816,1,1,2,1,1,120500
8,7,20,4,1820,2,4,4,1,2,201800
12,5,3,4,1437,2,2,4,2,2,218000
8,5,9,4,1265,2,4,4,2,2,179900
21,7,1,1,1314,2,4,4,2,2,230000
18,8,0,1,1580,2,1,4,2,3,235128
11,6,34,1,1876,2,3,4,2,2,185000
12,6,32,1,1456,1,3,4,1,2,146000
16,6,2,1,1640,2,4,2,1,2,224000
6,5,39,1,894,1,0,4,3,2,129000
6,4,39,3,1258,1,1,1,1,2,108959
12,5,29,4,1432,2,3,4,1,2,194000
21,7,0,1,1502,2,1,4,2,2,233170
15,8,2,3,1694,2,1,4,2,3,245350
13,6,6,1,1671,1,3,4,3,2,173000
4,6,22,1,2108,2,3,3,1,2,235000
22,10,10,4,3627,2,3,4,3,3,625000
9,6,31,3,1118,1,0,4,3,1,171000
8,6,50,1,1261,1,3,4,2,2,163000
18,7,1,1,1250,2,1,2,3,2,171900
17,5,13,1,3086,3,4,0,0,0,200500
16,6,56,1,2345,1,4,2,1,2,239000
22,8,7,1,2872,2,3,4,3,2,285000
9,5,23,1,923,1,1,4,1,1,119500
5,6,5,1,1224,1,1,2,1,1,115000
16,5,59,1,1343,1,4,2,1,1,154900
4,5,52,0,1124,1,4,0,0,0,93000
19,7,15,1,2514,1,1,4,3,2,250000
16,8,0,4,1652,2,4,4,3,2,392500
22,10,11,3,4476,3,3,4,3,3,745000
5,5,56,1,1130,1,4,2,1,2,120000
19,5,44,4,1572,1,3,1,2,3,186700
4,5,56,1,1221,1,1,4,1,1,104900
5,3,39,2,1699,1,1,1,1,2,95000
22,8,11,1,1624,2,2,4,2,3,262000
15,7,7,1,1660,2,1,4,2,2,195000
13,7,11,1,1804,2,3,4,3,2,189000
9,4,32,3,1622,1,3,1,3,4,168000
18,8,7,1,1441,2,1,2,1,2,174000
5,5,13,2,1472,2,1,2,1,1,125000
9,6,10,1,1224,1,1,4,3,2,165000
6,6,41,1,1352,1,1,4,3,1,158000
13,6,3,1,1456,2,1,4,3,2,176000
13,7,0,3,1863,2,4,5,3,3,219210
5,7,56,1,1690,1,4,2,1,1,144000
15,7,8,1,1212,2,1,4,2,2,178000
6,4,27,1,1382,1,0,4,1,2,148000
8,4,36,1,864,1,1,4,1,1,116050
15,7,11,3,1779,2,1,4,2,2,197900
3,5,12,1,1348,1,2,2,1,1,117000
15,7,8,1,1630,2,3,4,1,2,213000
11,5,31,1,1074,1,1,4,2,2,153500
10,7,18,2,2196,2,3,4,2,3,271900
10,4,40,1,1056,1,1,2,1,1,107000
15,6,3,3,1700,2,1,4,2,2,200000
8,5,28,1,1283,1,1,2,1,2,140000
18,8,0,2,1660,2,4,4,2,2,290000
10,6,18,1,1845,2,3,4,2,2,189000
13,8,5,3,1752,1,1,3,2,2,164000
4,4,59,1,672,1,1,4,1,1,113000
6,4,5,3,960,1,1,4,1,1,145000
8,5,44,3,999,1,1,4,1,1,134500
6,5,41,1,894,1,1,2,2,1,125000
6,6,32,0,1902,1,1,4,1,2,112000
18,8,0,2,1314,2,1,4,2,2,229456
3,4,56,0,912,1,1,0,0,0,80500
2,6,35,1,1218,1,1,0,0,0,91500
8,5,42,1,912,1,1,4,1,1,115000
6,5,40,1,1211,1,3,4,1,1,134000
8,6,57,2,1846,1,4,4,1,1,143000
8,5,55,1,2136,1,1,2,1,2,137900
13,7,3,3,1490,2,4,4,3,2,184000
8,6,49,3,1138,1,1,4,2,1,145000
18,6,1,2,1933,2,4,5,3,3,214000
8,5,0,1,912,2,1,2,1,2,147000
21,9,0,1,1702,3,4,4,3,3,367294
8,5,48,1,1507,1,1,3,1,1,127000
6,5,30,1,2620,1,3,5,2,2,190000
8,5,44,3,1190,1,1,4,1,2,132500
8,4,45,0,1224,1,1,1,1,2,101800
8,5,51,1,1188,1,1,4,2,2,142000
7,5,58,3,1964,1,1,0,0,0,130000
16,5,56,2,1784,1,1,2,1,1,138887
21,7,7,1,1626,2,1,5,2,2,175500
15,7,1,1,1948,2,4,5,3,2,195000
10,6,1,1,1141,1,1,2,1,2,142500
19,8,1,3,1484,3,4,4,2,2,265900
15,7,5,1,1768,2,1,4,2,2,224900
18,7,0,3,1689,2,1,4,2,3,248328
11,7,36,4,1173,2,3,4,2,2,170000
21,10,0,4,2076,3,4,4,3,3,465000
16,8,56,1,1517,2,4,2,1,2,230000
11,6,4,1,1868,1,3,5,3,2,178000
18,7,0,1,1553,2,1,4,2,2,186500
9,6,34,3,1034,1,1,4,1,3,169900
5,6,58,1,2058,1,4,2,1,2,129500
8,5,57,1,988,1,1,4,1,1,119000
8,7,42,1,2110,3,3,4,3,2,244000
21,7,3,1,1405,2,4,4,2,2,171750
9,5,41,1,874,1,1,4,2,1,130000
12,7,4,4,2167,2,4,4,2,2,294000
4,7,4,1,1656,2,4,5,3,2,165400
3,6,57,1,1367,1,4,2,1,1,127500
22,8,14,4,1987,2,3,4,3,2,301500
4,5,59,1,864,1,1,0,0,0,99900
13,7,3,4,1166,2,1,4,3,2,190000
8,6,39,1,1054,1,1,4,1,2,151000
13,6,10,1,1675,1,3,5,3,2,181000
8,5,53,1,1050,1,1,4,1,1,128900
17,4,20,3,1788,1,3,4,1,1,161500
3,6,57,1,1824,1,4,2,1,2,180500
8,6,9,1,1337,2,1,4,3,2,181000
18,7,7,1,1452,2,1,2,1,2,183900
5,7,57,1,1889,1,4,2,1,1,122000
19,9,1,4,2018,3,4,4,3,3,378500
16,8,11,2,3447,2,4,5,1,3,381000
8,5,49,1,1524,1,1,4,1,1,144000
17,7,31,4,1524,2,3,4,3,2,260000
11,6,41,1,1489,2,4,4,2,2,185750
6,5,41,1,935,1,1,4,1,1,137000
4,6,2,3,1357,3,4,3,2,1,177000
16,5,4,1,1250,1,4,2,1,2,139000
8,5,57,1,1920,1,1,2,1,2,137000
11,6,37,1,1395,1,3,4,1,2,162000
11,6,33,3,1724,1,4,4,2,2,197900
15,8,6,1,2031,2,4,4,2,2,237000
1,4,60,1,1128,1,1,2,2,2,68400
15,7,7,1,1573,2,1,4,2,2,227000
19,7,16,1,1339,1,3,4,3,2,180000
15,5,1,2,1040,2,1,2,1,2,150500
9,6,39,3,1824,1,1,0,0,0,139000
7,6,20,1,2447,2,4,2,1,1,169000
3,6,59,1,1412,1,4,2,1,1,132500
11,6,47,1,1328,1,4,4,1,2,143000
17,5,42,3,1582,1,1,4,1,2,190000
20,8,9,1,1659,3,5,4,3,2,278000
21,8,0,2,1970,3,4,5,3,3,281000
8,5,46,3,1152,1,4,4,2,2,180500
2,5,37,1,1302,1,1,2,1,1,119500
5,5,44,1,2372,1,1,4,2,1,107500
11,7,30,1,1664,1,3,4,2,2,162900
4,5,16,1,864,1,1,2,1,2,115000
8,5,38,3,1052,1,1,4,2,1,138500
8,5,45,2,1128,1,1,4,2,2,155000
4,6,0,4,1072,1,1,3,3,2,140000
4,10,0,4,5642,3,4,4,3,2,160000
8,5,16,1,1246,2,1,4,2,1,154000
13,7,10,1,1983,2,3,4,3,2,225000
16,6,59,1,1494,2,4,4,1,1,177500
22,8,12,1,2526,2,3,4,2,3,290000
18,7,1,3,1616,2,1,4,2,3,232000
4,7,2,1,1708,2,1,2,1,2,130000
21,9,2,1,1652,3,5,4,3,2,325000
21,7,0,1,1368,2,4,4,2,2,202500
15,5,14,1,990,1,1,2,1,2,138000
5,5,3,1,1122,2,1,4,1,2,147000
10,6,17,1,1294,2,1,4,2,2,179200
16,7,8,3,1902,3,3,4,3,2,335000
15,7,0,1,1274,2,1,4,2,2,203000
22,8,17,1,2810,2,5,4,2,2,302000
22,9,11,1,2599,2,3,5,3,3,333168
4,4,53,1,948,1,3,2,1,1,119000
8,6,39,2,2112,1,4,4,1,2,206900
15,8,1,4,1630,3,4,4,2,3,295493
18,7,0,1,1352,2,4,4,2,2,208900
15,8,4,4,1787,2,3,4,2,3,275000
4,4,53,1,948,1,1,4,1,1,111000
8,6,52,1,1478,1,4,4,2,2,156500
3,3,58,0,720,1,1,2,1,1,72500
22,7,18,1,1923,2,3,4,2,2,190000
3,4,59,1,708,0,1,0,0,0,82500
18,8,0,3,1795,2,4,4,2,3,147000
1,4,58,1,796,1,1,0,0,0,55000
4,3,1,1,774,2,1,0,0,0,79000
9,5,0,1,816,2,5,4,1,1,130500
5,6,58,1,2792,1,3,2,1,2,256000
13,7,8,1,1632,1,3,4,3,2,176500
18,8,1,3,1588,2,4,4,2,3,227000
15,5,30,3,954,1,1,2,1,2,132500
4,4,51,2,816,1,4,2,1,1,100000
1,5,11,1,1360,2,1,2,1,1,125500
2,5,39,1,1365,1,1,4,1,2,125000
11,6,32,1,1334,1,3,4,2,2,167900
11,5,35,1,1656,1,1,2,1,2,135000
5,4,56,1,693,0,1,0,0,0,52500
15,7,4,1,1861,2,1,5,2,2,200000
15,5,34,2,864,1,1,4,2,1,128500
8,4,36,1,872,1,1,2,1,4,123000
10,6,4,1,1114,2,1,2,1,2,155000
15,8,5,1,2169,2,4,4,2,2,228500
16,6,59,1,1913,1,3,2,1,2,177000
15,7,1,1,1456,2,3,4,3,2,155835
5,4,57,1,960,0,1,2,1,1,108500
11,7,3,1,2156,1,4,4,2,2,262500
19,8,0,4,1776,2,4,4,3,3,283463
10,7,9,4,1494,2,2,4,2,2,215000
5,8,21,1,2358,1,1,0,0,0,122000
8,5,40,1,2634,1,1,2,1,4,200000
8,6,46,1,1716,1,4,4,3,2,171000
3,6,9,1,1176,1,1,2,1,2,134900
22,8,14,3,3238,2,5,4,3,3,410000
15,7,8,1,1865,2,3,4,2,3,235000
11,7,14,1,1920,2,3,4,2,2,170000
8,5,42,1,892,1,1,4,2,1,110000
8,5,2,1,1078,1,2,4,3,2,149900
18,6,10,1,1573,2,1,2,1,2,177500
21,9,1,3,1980,3,4,4,3,3,315000
7,5,10,1,2601,1,1,5,2,2,189000
20,7,4,3,1530,2,4,4,3,2,260000
8,4,2,1,1738,1,4,4,1,1,104900
13,6,0,1,1412,2,4,5,3,2,156932
18,7,1,1,1200,2,1,2,2,2,144152
18,7,10,1,1674,2,1,4,2,2,216000
15,7,9,1,1790,2,1,4,2,2,193000
0,5,29,1,1475,1,3,4,2,1,127000
15,6,5,3,848,2,1,4,3,2,144000
15,8,7,3,1668,2,3,4,3,2,232000
5,4,59,1,1374,1,1,2,3,1,105000
8,6,12,3,1661,2,3,5,2,1,165500
15,7,8,3,2097,2,3,2,2,2,274300
22,10,5,4,2633,3,4,4,2,3,466500
18,7,3,1,1958,2,4,4,3,3,250000
19,8,0,4,1571,2,4,4,3,3,239000
7,6,58,2,790,1,1,2,1,1,91000
4,5,49,1,1604,1,1,2,1,2,117000
2,6,33,1,987,1,1,2,1,1,83000
19,5,1,1,1394,2,1,5,3,2,167500
4,3,60,1,864,1,1,2,1,1,58500
8,6,38,2,2117,1,4,4,3,2,237500
5,7,56,1,1762,2,1,2,1,2,157000
6,5,0,1,1416,2,1,4,1,2,112000
4,6,59,2,1258,1,1,2,1,1,105000
1,4,3,1,1154,2,1,2,1,1,125500
11,7,28,1,2784,2,3,4,2,2,250000
5,6,57,1,2526,2,4,2,1,1,136000
13,9,2,4,1746,3,4,4,3,3,377500
3,6,57,1,1218,1,4,2,1,2,131000
15,7,6,3,1525,2,1,4,2,2,235000
8,5,42,1,1584,1,1,2,1,3,124000
8,5,39,3,900,1,0,4,2,1,123000
5,6,8,1,1912,1,3,2,1,2,163000
14,7,0,3,1500,2,4,4,3,3,246578
19,8,1,4,2482,2,4,5,3,3,281213
19,5,60,3,1687,1,3,2,1,2,160000
3,5,3,2,1513,1,1,2,1,1,137500
8,5,27,1,1904,1,1,4,1,1,138000
7,6,19,1,1608,2,4,2,1,1,137450
3,6,58,1,1158,1,4,5,2,1,120000
13,6,4,1,1593,1,3,4,3,2,193000
15,7,0,3,1294,2,4,4,2,2,193879
18,8,0,4,1464,2,1,4,1,3,282922
5,3,56,1,1214,1,1,2,1,3,105000
16,8,3,4,1646,2,4,4,3,2,275000
15,5,2,3,768,1,1,2,1,2,133000
9,5,24,1,833,1,1,0,0,0,112000
5,4,60,1,1363,1,1,2,1,2,125500
11,7,17,1,2093,1,3,4,3,2,215000
15,7,8,1,1840,2,1,4,2,2,230000
8,6,4,1,1668,1,1,4,1,1,140000
8,4,59,0,1040,1,1,2,1,2,90000
10,8,3,1,1844,2,4,4,3,2,257000
3,6,8,1,1848,2,4,2,1,2,207000
14,7,2,1,1569,2,3,4,2,3,175900
5,4,60,1,2290,1,1,2,1,2,122500
22,8,11,2,2450,2,3,4,3,3,340000
8,5,45,1,1144,1,1,2,1,1,124000
16,6,37,3,1844,2,3,4,2,2,223000
11,6,38,1,1416,1,3,4,2,2,179900
12,6,33,1,1069,1,2,4,2,2,127500
15,6,5,3,848,2,1,4,3,2,136500
4,6,40,3,2201,2,4,4,1,2,274970
8,5,24,1,1344,1,3,2,1,1,144000
8,6,49,1,1252,2,1,2,1,2,142000
22,7,14,1,2127,2,3,4,2,2,271000
8,5,58,1,1558,1,3,4,1,1,140000
5,5,18,1,804,2,4,4,1,1,119000
11,6,26,1,1440,2,3,4,3,2,182900
13,5,1,3,1838,1,4,5,3,2,192140
12,6,33,1,958,1,1,4,2,2,143750
5,4,0,1,968,1,1,2,1,1,64500
13,6,8,1,1792,1,3,4,3,2,186500
9,5,29,1,1126,1,4,4,2,2,160000
8,6,3,1,1537,2,4,4,2,2,174000
8,4,36,1,864,1,1,2,1,2,120500
21,8,0,3,1932,3,4,4,3,3,394617
5,6,14,1,1236,1,1,4,1,2,149700
11,7,28,1,1725,1,3,4,2,2,197000
16,6,14,1,2555,1,4,2,3,2,191000
15,6,4,3,848,2,3,4,2,2,149300
18,10,1,3,2007,3,5,4,3,3,310000
3,6,59,1,952,0,4,2,1,1,121000
15,7,3,3,1422,2,1,4,2,2,179600
6,6,41,4,913,1,1,2,1,1,129000
9,5,48,1,1188,1,1,4,1,1,157900
15,8,11,1,2090,2,3,4,2,2,240000
4,4,7,1,1346,1,1,2,1,1,112000
0,5,36,3,630,3,1,0,0,0,92000
8,5,35,1,1792,1,1,0,0,0,136000
18,8,0,1,1578,3,4,4,3,3,287090
4,5,1,4,1072,1,1,3,3,2,145000
9,5,0,1,1140,1,1,0,0,0,84500
18,7,4,1,1221,2,1,4,2,2,185000
13,6,7,1,1647,1,3,4,2,2,175000
11,6,22,1,2073,1,3,4,1,2,210000
16,7,4,1,2340,2,4,4,2,1,266500
8,5,14,2,1078,2,1,4,1,1,142125
4,5,43,1,1256,1,1,4,3,1,147500
